-- MySQL dump 10.13  Distrib 8.0.27, for Win64 (x86_64)
--
-- Host: localhost    Database: cinema_booking_system
-- ------------------------------------------------------
-- Server version	8.0.27

/*!40101 SET @OLD_CHARACTER_SET_CLIENT=@@CHARACTER_SET_CLIENT */;
/*!40101 SET @OLD_CHARACTER_SET_RESULTS=@@CHARACTER_SET_RESULTS */;
/*!40101 SET @OLD_COLLATION_CONNECTION=@@COLLATION_CONNECTION */;
/*!50503 SET NAMES utf8 */;
/*!40103 SET @OLD_TIME_ZONE=@@TIME_ZONE */;
/*!40103 SET TIME_ZONE='+00:00' */;
/*!40014 SET @OLD_UNIQUE_CHECKS=@@UNIQUE_CHECKS, UNIQUE_CHECKS=0 */;
/*!40014 SET @OLD_FOREIGN_KEY_CHECKS=@@FOREIGN_KEY_CHECKS, FOREIGN_KEY_CHECKS=0 */;
/*!40101 SET @OLD_SQL_MODE=@@SQL_MODE, SQL_MODE='NO_AUTO_VALUE_ON_ZERO' */;
/*!40111 SET @OLD_SQL_NOTES=@@SQL_NOTES, SQL_NOTES=0 */;

--
-- Table structure for table `bookings`
--

DROP TABLE IF EXISTS `bookings`;
/*!40101 SET @saved_cs_client     = @@character_set_client */;
/*!50503 SET character_set_client = utf8mb4 */;
CREATE TABLE `bookings` (
  `id` int NOT NULL AUTO_INCREMENT,
  `screening_id` int NOT NULL,
  `customer_id` int NOT NULL,
  PRIMARY KEY (`id`),
  KEY `screening_id` (`screening_id`),
  KEY `customer_id` (`customer_id`),
  CONSTRAINT `bookings_ibfk_1` FOREIGN KEY (`screening_id`) REFERENCES `screenings` (`id`),
  CONSTRAINT `bookings_ibfk_2` FOREIGN KEY (`customer_id`) REFERENCES `customers` (`id`)
) ENGINE=InnoDB AUTO_INCREMENT=421 DEFAULT CHARSET=utf8mb4 COLLATE=utf8mb4_0900_ai_ci;
/*!40101 SET character_set_client = @saved_cs_client */;

--
-- Dumping data for table `bookings`
--

LOCK TABLES `bookings` WRITE;
/*!40000 ALTER TABLE `bookings` DISABLE KEYS */;
INSERT INTO `bookings` VALUES (1,2,2),(2,1,4),(3,2,6),(4,4,8),(5,6,10),(6,1,12),(7,5,14),(8,1,16),(9,2,18),(10,3,20),(11,5,120),(12,4,12),(13,8,24),(14,10,33),(15,9,37),(16,4,67),(17,11,87),(18,4,109),(19,5,12),(20,6,21),(21,8,11),(22,10,13),(23,14,7),(24,16,103),(25,18,81),(26,7,89),(27,17,52),(28,7,50),(29,8,49),(30,9,37),(31,11,1),(32,16,37),(33,20,4),(34,22,23),(35,21,24),(36,10,24),(37,23,24),(38,10,55),(39,14,51),(40,12,69),(41,14,3),(42,22,34),(43,26,33),(44,28,35),(45,27,65),(46,13,22),(47,29,22),(48,13,100),(49,20,101),(50,12,58),(51,17,5),(52,28,29),(53,32,33),(54,34,45),(55,33,32),(56,19,32),(57,35,30),(58,16,17),(59,26,56),(60,18,55),(61,17,7),(62,31,11),(63,38,26),(64,40,4),(65,30,51),(66,25,38),(67,41,37),(68,22,101),(69,32,99),(70,15,76),(71,20,9),(72,37,10),(73,44,21),(74,46,55),(75,33,22),(76,31,33),(77,47,44),(78,25,55),(79,38,42),(80,24,1),(81,23,11),(82,37,1),(83,50,77),(84,52,23),(85,39,1),(86,43,5),(87,53,89),(88,28,88),(89,44,37),(90,30,2),(91,26,12),(92,40,1),(93,56,66),(94,58,27),(95,42,7),(96,46,45),(97,59,22),(98,31,25),(99,50,29),(100,27,9),(101,29,14),(102,43,1),(103,62,55),(104,64,11),(105,45,8),(106,49,56),(107,65,11),(108,37,26),(109,56,120),(110,33,1),(111,32,15),(112,49,1),(113,68,44),(114,70,11),(115,51,13),(116,55,58),(117,71,1),(118,49,33),(119,56,116),(120,36,103),(121,35,17),(122,55,56),(123,74,33),(124,70,17),(125,54,11),(126,61,77),(127,71,45),(128,58,78),(129,62,36),(130,66,9),(131,38,19),(132,61,88),(133,80,57),(134,76,120),(135,66,100),(136,67,89),(137,77,49),(138,58,89),(139,62,17),(140,69,61),(141,41,100),(142,67,22),(143,86,45),(144,82,119),(145,72,27),(146,73,90),(147,80,56),(148,61,68),(149,68,20),(150,33,9),(151,44,66),(152,76,119),(153,92,82),(154,88,100),(155,81,89),(156,79,5),(157,83,65),(158,64,42),(159,74,80),(160,42,26),(161,47,45),(162,82,118),(163,98,67),(164,94,11),(165,81,55),(166,82,4),(167,83,23),(168,67,4),(169,86,80),(170,45,19),(171,50,44),(172,88,117),(173,104,61),(174,100,97),(175,81,35),(176,85,3),(177,89,35),(178,76,41),(179,86,90),(180,48,17),(181,53,33),(182,94,116),(183,110,4),(184,106,54),(185,84,33),(186,88,2),(187,95,34),(188,76,27),(189,86,29),(190,51,28),(191,56,39),(192,97,115),(193,116,4),(194,112,32),(195,90,33),(196,88,1),(197,101,34),(198,82,90),(199,86,101),(200,51,104),(201,59,111),(202,100,114),(203,122,7),(204,118,35),(205,93,57),(206,88,77),(207,107,69),(208,91,96),(209,92,4),(210,54,35),(211,92,100),(212,106,113),(213,128,9),(214,124,60),(215,87,88),(216,91,39),(217,113,67),(218,91,43),(219,98,90),(220,60,36),(221,98,99),(222,112,112),(223,134,10),(224,130,43),(225,69,84),(226,97,31),(227,119,1),(228,97,3),(229,104,7),(230,63,1),(231,104,4),(232,118,111),(233,140,1),(234,136,22),(235,72,67),(236,97,111),(237,125,87),(238,100,24),(239,110,46),(240,66,4),(241,110,17),(242,130,110),(243,146,12),(244,142,22),(245,75,48),(246,100,111),(247,131,47),(248,103,24),(249,122,27),(250,69,27),(251,122,55),(252,136,91),(253,152,11),(254,148,13),(255,84,90),(256,103,101),(257,137,12),(258,109,11),(259,128,10),(260,75,9),(261,128,58),(262,142,90),(263,158,56),(264,154,15),(265,93,91),(266,109,34),(267,143,9),(268,115,34),(269,131,33),(270,78,81),(271,134,88),(272,148,48),(273,164,78),(274,160,16),(275,102,22),(276,115,33),(277,149,47),(278,121,46),(279,137,6),(280,90,6),(281,140,67),(282,154,40),(283,170,77),(284,166,78),(285,108,21),(286,121,26),(287,155,53),(288,127,42),(289,143,31),(290,99,11),(291,152,45),(292,160,70),(293,176,38),(294,172,66),(295,114,20),(296,127,106),(297,161,111),(298,211,109),(299,149,108),(300,102,113),(301,158,44),(302,166,87),(303,182,99),(304,178,65),(305,120,19),(306,136,99),(307,167,49),(308,133,66),(309,158,67),(310,117,3),(311,164,71),(312,172,33),(313,188,100),(314,184,50),(315,144,18),(316,142,23),(317,173,46),(318,139,23),(319,164,1),(320,129,3),(321,170,78),(322,178,35),(323,194,36),(324,187,23),(325,159,24),(326,151,23),(327,179,55),(328,145,58),(329,170,60),(330,141,4),(331,176,70),(332,184,7),(333,200,36),(334,190,78),(335,162,70),(336,157,80),(337,182,99),(338,151,95),(339,176,32),(340,156,7),(341,182,88),(342,190,8),(343,200,34),(344,193,74),(345,168,35),(346,163,120),(347,185,109),(348,157,31),(349,182,68),(350,180,56),(351,191,47),(352,190,16),(353,200,1),(354,196,72),(355,177,11),(356,169,12),(357,191,19),(358,166,108),(359,176,23),(360,189,23),(361,197,32),(362,196,26),(363,203,2),(364,199,80),(365,192,4),(366,175,49),(367,197,55),(368,172,76),(369,188,99),(370,195,90),(371,200,23),(372,199,43),(373,206,3),(374,202,90),(375,198,59),(376,181,58),(377,200,59),(378,178,6),(379,194,35),(380,198,44),(381,203,116),(382,202,28),(383,209,4),(384,205,93),(385,201,23),(386,187,10),(387,203,76),(388,187,77),(389,200,78),(390,204,9),(391,209,18),(392,205,10),(393,209,5),(394,208,43),(395,204,67),(396,193,54),(397,206,54),(398,196,1),(399,206,7),(400,207,9),(401,212,68),(402,211,5),(403,212,6),(404,211,7),(405,207,8),(406,199,9),(407,209,9),(408,205,23),(409,212,111),(410,213,40),(411,1,124),(412,1,124),(413,1,124),(414,1,124),(416,1,124),(418,1,124),(419,1,124),(420,1,124);
/*!40000 ALTER TABLE `bookings` ENABLE KEYS */;
UNLOCK TABLES;

--
-- Table structure for table `customers`
--

DROP TABLE IF EXISTS `customers`;
/*!40101 SET @saved_cs_client     = @@character_set_client */;
/*!50503 SET character_set_client = utf8mb4 */;
CREATE TABLE `customers` (
  `id` int NOT NULL AUTO_INCREMENT,
  `first_name` varchar(45) DEFAULT NULL,
  `last_name` varchar(45) NOT NULL,
  `email` varchar(45) NOT NULL,
  PRIMARY KEY (`id`),
  UNIQUE KEY `email` (`email`)
) ENGINE=InnoDB AUTO_INCREMENT=126 DEFAULT CHARSET=utf8mb4 COLLATE=utf8mb4_0900_ai_ci;
/*!40101 SET character_set_client = @saved_cs_client */;

--
-- Dumping data for table `customers`
--

LOCK TABLES `customers` WRITE;
/*!40000 ALTER TABLE `customers` DISABLE KEYS */;
INSERT INTO `customers` VALUES (1,'David','May','dmay@gmail.com'),(2,'Theresa','Davis','tdavis@gmail.com'),(3,'Jerry','Martin','jermar@gmail.com'),(4,'John','Smith','smithy@gmail.com'),(5,'Martin','Watkins','mwatto@gmail.com'),(6,'Emma','Watson','itswingardiumleviosa@gmail.com'),(7,'Javier','Pastore','jp@gmail.com'),(8,'Charlotte','Hare','chare@gmail.com'),(9,'Mark','Smith','markysmith@gmail.com'),(10,'Emily','Thorne','ethorne@gmail.com'),(11,'David','Paul','davpaul@gmail.com'),(12,'Cherry','Wang','cherryw@gmail.com'),(13,'Bort','Simpson','mynameisbort@gmail.com'),(14,'Emma','Connor','econ@gmail.com'),(15,'Jonathan','Edwards','jedwards@gmail.com'),(16,'Simon','Davis','sdavis@gmail.com'),(17,'Sophie','Marshall','sophmarsh@gmail.com'),(18,'Sally','Lam','slam@gmail.com'),(19,'Kenneth','Harrison','kson@gmail.com'),(20,NULL,'Smith','smith@gmail.com'),(21,'Harry','Weasley','whatsmyname@gmail.com'),(22,'Ron','Potter','thatsmyname@gmail.com'),(23,'Ray','Wilkinson','wilky@gmail.com'),(24,'Samuel','Windsor','royalty@gmail.com'),(25,'Jennifer','David','jda@gmail.com'),(26,'Larry','Davis','larryd@gmail.com'),(27,'Bolt','Tin','btin@gmail.com'),(28,'Sarah','Thompson','sthompson1977@gmail.com'),(29,'Alan','Bennet','thosewerethedays@gmail.com'),(30,'Brian','Apple','bapple101@gmail.com'),(31,'Rob','Bryson','rbry@gmail.com'),(32,'Shelly','Zu','szu@gmail.com'),(33,'Steve','Shoogan','sshoogan@gmail.com'),(34,'Matthew','Gray','graym@gmail.com'),(35,'Sally','Kramer','kallysramer@gmail.com'),(36,'Peter','Chef','chefp@gmail.com'),(37,NULL,'Cooke','nullcooke@gmail.com'),(38,'Marty','Seinfeld','marfeld@gmail.com'),(39,'Carl','Green','creen@gmail.com'),(40,'Emma','Greene','egreene@gmail.com'),(41,'Michael','Bannon','mbannon@gmail.com'),(42,'Paul','Showman','theshowman1@gmail.com'),(43,'Harry','Goldthistle','hgold@gmail.com'),(44,'Gill','Newton','gnew@gmail.com'),(45,'Preston','Peters','p2p@gmail.com'),(46,'Simon','Smithson','sismithson@gmail.com'),(47,'Benjamin','Rabbit','brabbit@gmail.com'),(48,'Jerry','David','curb@gmail.com'),(49,'Olivia','Tulip','otulip@gmail.com'),(50,'Richard','Horne','richhorne@gmail.com'),(51,'Betty','Corbe','bcorbe@gmail.com'),(52,'Anne','Callaway','acway@gmail.com'),(53,'Yifan','Way','yway@gmail.com'),(54,'Charlie','Cheene','ccheene@gmail.com'),(55,'Ula','Boon','uboon@gmail.com'),(56,'Buster','David','bdavid@gmail.com'),(57,'Dustin','Beer','beerd@gmail.com'),(58,'John','Sleet','knoweverything@gmail.com'),(59,'August','Summer','asummer@gmail.com'),(60,'Linda','Martins','lmart@gmail.com'),(61,'Chris','Kay','chkay@gmail.com'),(62,'Christopher','Roberts','croberts@gmail.com'),(63,'Robert','Winston','rwin@gmail.com'),(64,'Daniel','Orbe','dorbe@gmail.com'),(65,'Joshua','Wells','wellj@gmail.com'),(66,'Fred','Flinton','ff100@gmail.com'),(67,'Paula','Winner','pwinner@gmail.com'),(68,NULL,'Canter','canter99@gmail.com'),(69,'Michael','Bassett','mbass@gmail.com'),(70,'Michelle','Martins','mm109@gmail.com'),(71,'Lorna','Brown','lbrown@gmail.com'),(72,'Kerry','Vale','wish1985@gmail.com'),(73,'Sean','Borne','sborne@gmail.com'),(74,'Craig','Evans','cevans@gmail.com'),(75,'Alex','Sanders','asand@gmail.com'),(76,'George','McNabb','gnabb@gmail.com'),(77,'Richard','Trout','redtrout@gmail.com'),(78,'Stewart','Dee','sdee@gmail.com'),(79,'Sue','Werkins','swerkins@gmail.com'),(80,'Mel','Wozniack','mwoz@gmail.com'),(81,'Steve','Dole','sdole@gmail.com'),(82,'Zara','Yelland','zy27@gmail.com'),(83,'Irene','Mellon','mellonirene@gmail.com'),(84,'Karen','Wall','kwall@gmail.com'),(85,'Lucy','Oak','loak@gmail.com'),(86,'Orson','Young','oyoung@gmail.com'),(87,'Oliver','Daniels','odaniels@gmail.com'),(88,'Queen','Bee','qbee@gmail.com'),(89,'Vera','Jack','verajack@gmail.com'),(90,'Thomas','Soft','softt@gmail.com'),(91,NULL,'Blair','nblair@gmail.com'),(92,'Tim','Jones','tjones@gmail.com'),(93,'Nicola','Jenkins','njenk@gmail.com'),(94,'Olivia','Jones','ojo@gmail.com'),(95,'James','Depp','jdepp@gmail.com'),(96,'Meryl','Steep','msteep@gmail.com'),(97,'Jake','Portman','jportman@gmail.com'),(98,'Jenny','Appleton','japple@gmail.com'),(99,'Simon','Hoover','shoover@gmail.com'),(100,'Belinda','Marshall','belindam@gmail.com'),(101,'Stephanie','Watson','swatson@gmail.com'),(102,'Art','Simons','simons@gmail.com'),(103,'Stan','Smith','smithstan@gmail.com'),(104,'Christopher','Roberts','robertsc@gmail.com'),(105,'Nathan','Gold','engold@gmail.com'),(106,'Alain','Bennet','alainb@gmail.com'),(107,'Lewis','Russelton','lrus@gmail.com'),(108,'Josh','Reynolds','jrey@gmail.com'),(109,'William','Williams','williamw@gmail.com'),(110,NULL,'Pointer','apointer@gmail.com'),(111,'Bort','Skinner','mynameisalsobort@gmail.com'),(112,NULL,'Smith','lonsmith@gmail.com'),(113,'Susan','Williams','swill@gmail.com'),(114,'Yu','Xi','yuxi@gmail.com'),(115,'Annabelle','Winks','anwinks@gmail.com'),(116,'Andrew','Landhurst','andylandy@gmail.com'),(117,'Winston','Smith','room101@gmail.com'),(118,'Gemma','Arton','garton@gmail.com'),(119,'Renton','McDonald','rent@gmail.com'),(120,'Maggie','Chu','chuchu@gmail.com'),(121,'test1','test1','test@mail.com'),(123,'test2','test2','test2@mail.com'),(124,'Artur','Zhuravetskyy','artur@mail.com'),(125,'name','lastname','email');
/*!40000 ALTER TABLE `customers` ENABLE KEYS */;
UNLOCK TABLES;

--
-- Table structure for table `films`
--

DROP TABLE IF EXISTS `films`;
/*!40101 SET @saved_cs_client     = @@character_set_client */;
/*!50503 SET character_set_client = utf8mb4 */;
CREATE TABLE `films` (
  `id` int NOT NULL AUTO_INCREMENT,
  `name` varchar(45) NOT NULL,
  `length_min` int NOT NULL,
  PRIMARY KEY (`id`),
  UNIQUE KEY `name` (`name`)
) ENGINE=InnoDB AUTO_INCREMENT=13 DEFAULT CHARSET=utf8mb4 COLLATE=utf8mb4_0900_ai_ci;
/*!40101 SET character_set_client = @saved_cs_client */;

--
-- Dumping data for table `films`
--

LOCK TABLES `films` WRITE;
/*!40000 ALTER TABLE `films` DISABLE KEYS */;
INSERT INTO `films` VALUES (1,'Blade Runner 2049',153),(2,'Dunkirk',106),(3,'Geostorm',121),(4,'Thor: Ragnarok',107),(5,'Jigsaw',116),(6,'The Death of Stalin',98),(7,'The Lego Ninjago Movie',101),(8,'Murder on the Orient Express',135),(9,'Paddington 2',88),(10,'Breathe',117),(11,'Blade Runner',127),(12,'Victoria and Abdul',112);
/*!40000 ALTER TABLE `films` ENABLE KEYS */;
UNLOCK TABLES;

--
-- Table structure for table `reserved_seat`
--

DROP TABLE IF EXISTS `reserved_seat`;
/*!40101 SET @saved_cs_client     = @@character_set_client */;
/*!50503 SET character_set_client = utf8mb4 */;
CREATE TABLE `reserved_seat` (
  `id` int NOT NULL AUTO_INCREMENT,
  `booking_id` int NOT NULL,
  `seat_id` int NOT NULL,
  PRIMARY KEY (`id`),
  KEY `booking_id` (`booking_id`),
  KEY `seat_id` (`seat_id`),
  CONSTRAINT `reserved_seat_ibfk_1` FOREIGN KEY (`booking_id`) REFERENCES `bookings` (`id`),
  CONSTRAINT `reserved_seat_ibfk_2` FOREIGN KEY (`seat_id`) REFERENCES `seats` (`id`)
) ENGINE=InnoDB AUTO_INCREMENT=751 DEFAULT CHARSET=utf8mb4 COLLATE=utf8mb4_0900_ai_ci;
/*!40101 SET character_set_client = @saved_cs_client */;

--
-- Dumping data for table `reserved_seat`
--

LOCK TABLES `reserved_seat` WRITE;
/*!40000 ALTER TABLE `reserved_seat` DISABLE KEYS */;
INSERT INTO `reserved_seat` VALUES (1,1,74),(2,1,75),(3,1,76),(4,2,10),(5,2,11),(6,3,100),(7,3,101),(8,4,66),(9,4,67),(10,5,141),(11,6,33),(12,6,34),(13,7,102),(14,7,103),(15,8,2),(16,8,3),(17,8,4),(18,8,5),(19,9,98),(20,9,99),(21,10,120),(22,11,74),(23,11,75),(24,11,76),(25,12,23),(26,12,24),(27,13,104),(28,13,105),(29,14,60),(30,14,61),(31,15,130),(32,15,131),(33,16,71),(34,16,72),(35,17,88),(36,17,89),(37,18,51),(38,18,52),(39,18,53),(40,18,54),(41,19,83),(42,19,84),(43,20,138),(44,21,94),(45,22,30),(46,22,31),(47,22,32),(48,23,101),(49,23,102),(50,23,103),(51,23,75),(52,24,67),(53,24,68),(54,25,113),(55,25,114),(56,26,44),(57,27,97),(58,27,98),(59,28,71),(60,29,76),(61,30,139),(62,31,79),(63,32,50),(64,33,80),(65,33,81),(66,33,82),(67,33,83),(68,33,84),(69,34,62),(70,34,63),(71,35,120),(72,35,121),(73,36,16),(74,36,17),(75,37,82),(76,37,83),(77,38,59),(78,39,78),(79,40,111),(80,40,112),(81,41,90),(82,41,91),(83,41,92),(84,42,52),(85,42,53),(86,42,54),(87,43,89),(88,43,90),(89,44,71),(90,44,72),(91,45,120),(92,45,121),(93,46,38),(94,46,39),(95,47,101),(96,47,102),(97,48,62),(98,48,63),(99,48,64),(100,49,81),(101,50,121),(102,50,122),(103,50,123),(104,50,124),(105,51,91),(106,51,92),(107,51,93),(108,51,94),(109,52,61),(110,52,62),(111,53,107),(112,53,108),(113,54,67),(114,54,68),(115,55,117),(116,55,118),(117,56,61),(118,57,104),(119,57,105),(120,57,106),(121,58,1),(122,58,2),(123,59,75),(124,59,76),(125,60,139),(126,60,140),(127,61,86),(128,61,87),(129,62,13),(130,62,14),(131,63,101),(132,63,102),(133,63,103),(134,64,66),(135,64,67),(136,64,68),(137,65,120),(138,65,121),(139,65,122),(140,65,123),(141,66,9),(142,66,10),(143,67,76),(144,68,48),(145,68,49),(146,68,50),(147,69,93),(148,69,94),(149,70,121),(150,70,122),(151,71,80),(152,71,81),(153,71,82),(154,72,67),(155,72,68),(156,73,77),(157,73,78),(158,74,61),(159,74,62),(160,74,63),(161,75,130),(162,75,131),(163,76,9),(164,76,10),(165,77,100),(166,78,57),(167,79,107),(168,80,110),(169,81,91),(170,81,92),(171,82,5),(172,82,6),(173,83,104),(174,83,105),(175,84,23),(176,84,24),(177,85,118),(178,85,119),(179,85,120),(180,85,121),(181,86,31),(182,86,32),(183,87,76),(184,87,77),(185,88,63),(186,89,89),(187,89,90),(188,89,91),(189,90,113),(190,90,114),(191,91,79),(192,91,80),(193,91,81),(194,92,1),(195,92,2),(196,92,3),(197,92,4),(198,92,5),(199,92,6),(200,93,105),(201,94,12),(202,94,13),(203,94,14),(204,95,111),(205,95,112),(206,95,113),(207,95,114),(208,96,59),(209,96,60),(210,96,61),(211,97,81),(212,97,82),(213,98,47),(214,98,48),(215,99,85),(216,99,86),(217,100,118),(218,100,119),(219,101,103),(220,101,104),(221,102,23),(222,102,24),(223,103,81),(224,103,82),(225,104,66),(226,104,67),(227,105,136),(228,105,137),(229,106,39),(230,106,40),(231,107,75),(232,108,72),(233,109,101),(234,109,102),(235,109,103),(236,109,104),(237,109,105),(238,110,122),(239,110,123),(240,110,124),(241,111,77),(242,111,78),(243,112,8),(244,113,82),(245,113,83),(246,114,56),(247,114,57),(248,115,139),(249,115,140),(250,116,69),(251,117,75),(252,117,76),(253,117,77),(254,118,60),(255,119,88),(256,120,111),(257,121,108),(258,122,31),(259,122,32),(260,123,98),(261,124,18),(262,124,19),(263,125,120),(264,125,121),(265,126,61),(266,126,62),(267,127,101),(268,127,102),(269,128,70),(270,128,71),(271,129,105),(272,129,106),(273,130,141),(274,130,142),(275,131,77),(276,132,71),(277,133,106),(278,133,107),(279,133,108),(280,134,61),(281,135,110),(282,135,111),(283,136,52),(284,137,84),(285,137,85),(286,138,37),(287,139,75),(288,139,76),(289,140,140),(290,140,141),(291,141,90),(292,142,42),(293,143,94),(294,143,95),(295,144,66),(296,145,112),(297,146,21),(298,147,79),(299,147,80),(300,147,81),(301,148,63),(302,149,89),(303,150,128),(304,150,129),(305,151,77),(306,151,78),(307,151,79),(308,152,57),(309,152,58),(310,152,59),(311,153,89),(312,153,90),(313,153,91),(314,154,37),(315,154,38),(316,155,111),(317,155,112),(318,155,113),(319,156,19),(320,156,20),(321,157,83),(322,158,5),(323,159,77),(324,160,140),(325,161,89),(326,162,9),(327,163,104),(328,164,71),(329,165,117),(330,165,118),(331,166,66),(332,166,67),(333,167,83),(334,167,84),(335,167,85),(336,167,86),(337,168,55),(338,168,56),(339,168,57),(340,168,58),(341,169,105),(342,169,106),(343,170,121),(344,170,122),(345,171,92),(346,172,36),(347,173,99),(348,174,38),(349,175,117),(350,175,118),(351,176,68),(352,176,69),(353,177,81),(354,177,82),(355,178,31),(356,178,32),(357,179,103),(358,179,104),(359,180,119),(360,181,102),(361,182,71),(362,182,72),(363,183,100),(364,183,101),(365,184,48),(366,184,49),(367,185,110),(368,185,111),(369,186,12),(370,186,13),(371,187,78),(372,187,79),(373,188,39),(374,189,81),(375,190,135),(376,191,79),(377,192,33),(378,192,34),(379,192,35),(380,193,90),(381,194,54),(382,194,55),(383,195,121),(384,195,122),(385,196,53),(386,196,54),(387,197,80),(388,197,81),(389,198,2),(390,198,3),(391,199,81),(392,199,82),(393,200,115),(394,201,76),(395,202,27),(396,203,103),(397,203,104),(398,204,22),(399,205,140),(400,206,51),(401,207,83),(402,208,64),(403,209,98),(404,210,118),(405,211,101),(406,212,61),(407,212,62),(408,213,79),(409,213,80),(410,214,50),(411,215,111),(412,216,30),(413,216,31),(414,217,106),(415,217,107),(416,218,40),(417,218,41),(418,219,91),(419,219,92),(420,220,123),(421,221,76),(422,222,20),(423,222,21),(424,223,105),(425,224,60),(426,225,133),(427,225,134),(428,226,70),(429,226,71),(430,226,72),(431,227,83),(432,228,47),(433,229,80),(434,230,120),(435,230,121),(436,231,85),(437,231,86),(438,232,11),(439,232,12),(440,232,13),(441,233,81),(442,233,82),(443,234,62),(444,234,63),(445,235,113),(446,235,114),(447,236,35),(448,236,36),(449,237,81),(450,237,82),(451,238,41),(452,238,42),(453,239,77),(454,239,78),(455,240,129),(456,241,102),(457,241,103),(458,242,21),(459,242,22),(460,242,23),(461,243,89),(462,244,45),(463,245,137),(464,245,138),(465,245,139),(466,245,140),(467,246,49),(468,246,50),(469,246,51),(470,247,101),(471,248,34),(472,249,77),(473,250,138),(474,251,102),(475,251,103),(476,251,104),(477,252,61),(478,253,98),(479,253,99),(480,254,70),(481,255,119),(482,255,120),(483,255,121),(484,256,23),(485,257,87),(486,258,36),(487,258,37),(488,259,95),(489,259,96),(490,260,132),(491,261,88),(492,261,89),(493,261,90),(494,262,20),(495,262,21),(496,262,22),(497,262,23),(498,263,102),(499,264,63),(500,265,118),(501,266,24),(502,267,79),(503,268,68),(504,269,90),(505,269,91),(506,270,120),(507,271,104),(508,272,8),(509,273,76),(510,274,33),(511,275,122),(512,275,123),(513,275,124),(514,276,11),(515,276,12),(516,276,13),(517,277,82),(518,277,83),(519,278,27),(520,278,28),(521,279,75),(522,279,76),(523,279,77),(524,280,140),(525,280,141),(526,281,80),(527,282,26),(528,283,100),(529,283,101),(530,283,102),(531,284,23),(532,284,24),(533,285,121),(534,286,68),(535,287,78),(536,288,4),(537,288,5),(538,289,97),(539,290,113),(540,290,114),(541,291,81),(542,291,82),(543,292,49),(544,293,85),(545,294,39),(546,295,140),(547,296,68),(548,297,82),(549,298,25),(550,298,26),(551,299,83),(552,299,84),(553,300,134),(554,300,135),(555,301,101),(556,301,102),(557,302,56),(558,302,57),(559,303,92),(560,303,93),(561,304,5),(562,305,112),(563,305,113),(564,306,61),(565,306,62),(566,307,81),(567,308,72),(568,309,88),(569,309,89),(570,310,123),(571,311,97),(572,311,98),(573,311,99),(574,312,39),(575,312,40),(576,313,79),(577,314,61),(578,314,62),(579,315,144),(580,316,55),(581,317,81),(582,317,82),(583,318,66),(584,319,101),(585,320,129),(586,321,83),(587,321,84),(588,322,13),(589,322,14),(590,322,15),(591,323,89),(592,323,90),(593,324,37),(594,324,38),(595,325,115),(596,325,116),(597,326,68),(598,326,69),(599,326,70),(600,327,108),(601,328,61),(602,329,77),(603,330,125),(604,330,126),(605,331,91),(606,331,92),(607,332,58),(608,332,59),(609,333,76),(610,333,77),(611,334,23),(612,334,24),(613,335,131),(614,335,132),(615,336,10),(616,336,11),(617,337,99),(618,337,100),(619,338,67),(620,338,68),(621,339,101),(622,339,102),(623,340,138),(624,341,105),(625,342,3),(626,342,4),(627,343,74),(628,343,75),(629,344,58),(630,344,59),(631,345,122),(632,345,123),(633,346,34),(634,346,35),(635,347,79),(636,347,80),(637,348,27),(638,348,28),(639,348,29),(640,349,77),(641,350,112),(642,350,113),(643,351,83),(644,351,84),(645,352,67),(646,352,68),(647,352,69),(648,353,101),(649,353,102),(650,353,103),(651,354,13),(652,355,113),(653,355,114),(654,356,45),(655,357,90),(656,358,70),(657,359,79),(658,360,138),(659,361,97),(660,362,72),(661,363,80),(662,364,54),(663,365,122),(664,366,30),(665,367,89),(666,368,48),(667,369,103),(668,370,110),(669,371,88),(670,372,62),(671,373,81),(672,373,82),(673,374,59),(674,375,140),(675,376,70),(676,377,93),(677,378,23),(678,378,24),(679,378,25),(680,378,26),(681,379,79),(682,379,80),(683,379,81),(684,380,118),(685,380,119),(686,381,103),(687,382,66),(688,382,67),(689,382,68),(690,382,69),(691,383,77),(692,384,41),(693,384,42),(694,384,43),(695,385,125),(696,386,68),(697,387,84),(698,388,70),(699,388,71),(700,389,95),(701,390,120),(702,390,121),(703,390,122),(704,391,76),(705,391,77),(706,391,78),(707,392,8),(708,392,9),(709,392,10),(710,393,103),(711,394,39),(712,394,40),(713,395,127),(714,395,128),(715,395,129),(716,396,66),(717,396,67),(718,397,85),(719,397,86),(720,398,58),(721,399,83),(722,399,84),(723,400,118),(724,400,119),(725,400,120),(726,401,103),(727,401,104),(728,401,105),(729,402,51),(730,403,75),(731,404,34),(732,404,35),(733,405,109),(734,405,110),(735,405,111),(736,406,72),(737,407,93),(738,407,94),(739,408,49),(740,409,88),(741,410,117),(742,410,118),(743,410,119),(744,414,1),(746,416,7),(748,418,8),(749,419,9),(750,420,12);
/*!40000 ALTER TABLE `reserved_seat` ENABLE KEYS */;
UNLOCK TABLES;

--
-- Table structure for table `rooms`
--

DROP TABLE IF EXISTS `rooms`;
/*!40101 SET @saved_cs_client     = @@character_set_client */;
/*!50503 SET character_set_client = utf8mb4 */;
CREATE TABLE `rooms` (
  `id` int NOT NULL AUTO_INCREMENT,
  `name` varchar(45) NOT NULL,
  `no_seats` int NOT NULL,
  PRIMARY KEY (`id`)
) ENGINE=InnoDB AUTO_INCREMENT=4 DEFAULT CHARSET=utf8mb4 COLLATE=utf8mb4_0900_ai_ci;
/*!40101 SET character_set_client = @saved_cs_client */;

--
-- Dumping data for table `rooms`
--

LOCK TABLES `rooms` WRITE;
/*!40000 ALTER TABLE `rooms` DISABLE KEYS */;
INSERT INTO `rooms` VALUES (1,'Chaplin',72),(2,'Kubrick',36),(3,'Coppola',36);
/*!40000 ALTER TABLE `rooms` ENABLE KEYS */;
UNLOCK TABLES;

--
-- Table structure for table `screenings`
--

DROP TABLE IF EXISTS `screenings`;
/*!40101 SET @saved_cs_client     = @@character_set_client */;
/*!50503 SET character_set_client = utf8mb4 */;
CREATE TABLE `screenings` (
  `id` int NOT NULL AUTO_INCREMENT,
  `film_id` int NOT NULL,
  `room_id` int NOT NULL,
  `start_time` datetime NOT NULL,
  PRIMARY KEY (`id`),
  KEY `film_id` (`film_id`),
  KEY `room_id` (`room_id`),
  CONSTRAINT `screenings_ibfk_1` FOREIGN KEY (`film_id`) REFERENCES `films` (`id`),
  CONSTRAINT `screenings_ibfk_2` FOREIGN KEY (`room_id`) REFERENCES `rooms` (`id`)
) ENGINE=InnoDB AUTO_INCREMENT=214 DEFAULT CHARSET=utf8mb4 COLLATE=utf8mb4_0900_ai_ci;
/*!40101 SET character_set_client = @saved_cs_client */;

--
-- Dumping data for table `screenings`
--

LOCK TABLES `screenings` WRITE;
/*!40000 ALTER TABLE `screenings` DISABLE KEYS */;
INSERT INTO `screenings` VALUES (1,2,1,'2022-01-01 13:00:00'),(2,1,2,'2022-01-01 13:30:00'),(3,2,3,'2022-01-01 14:00:00'),(4,3,1,'2022-01-01 16:00:00'),(5,6,2,'2022-01-01 16:30:00'),(6,3,3,'2022-01-01 17:00:00'),(7,4,1,'2022-01-01 19:00:00'),(8,6,2,'2022-01-01 19:30:00'),(9,4,3,'2022-01-01 20:00:00'),(10,1,1,'2022-01-02 16:00:00'),(11,4,2,'2022-01-02 16:30:00'),(12,5,3,'2022-01-02 17:00:00'),(13,2,1,'2022-01-02 19:00:00'),(14,1,2,'2022-01-02 19:30:00'),(15,1,3,'2022-01-02 20:00:00'),(16,5,1,'2022-01-03 16:00:00'),(17,3,2,'2022-01-03 16:30:00'),(18,2,3,'2022-01-03 17:00:00'),(19,1,1,'2022-01-03 19:00:00'),(20,2,2,'2022-01-03 19:30:00'),(21,3,3,'2022-01-03 20:00:00'),(22,3,1,'2022-01-04 16:00:00'),(23,1,2,'2022-01-04 16:30:00'),(24,4,3,'2022-01-04 17:00:00'),(25,2,1,'2022-01-04 19:00:00'),(26,1,2,'2022-01-04 19:30:00'),(27,5,3,'2022-01-04 20:00:00'),(28,3,1,'2022-01-05 16:00:00'),(29,4,2,'2022-01-05 16:30:00'),(30,6,3,'2022-01-05 17:00:00'),(31,2,1,'2022-01-05 19:00:00'),(32,6,2,'2022-01-05 19:30:00'),(33,3,3,'2022-01-05 20:00:00'),(34,1,1,'2022-01-06 16:00:00'),(35,5,2,'2022-01-06 16:30:00'),(36,2,3,'2022-01-06 17:00:00'),(37,4,1,'2022-01-06 19:00:00'),(38,2,2,'2022-01-06 19:30:00'),(39,4,3,'2022-01-06 20:00:00'),(40,2,1,'2022-01-07 13:00:00'),(41,1,2,'2022-01-07 13:30:00'),(42,2,3,'2022-01-07 14:00:00'),(43,3,1,'2022-01-07 16:00:00'),(44,1,2,'2022-01-07 16:30:00'),(45,1,3,'2022-01-07 17:00:00'),(46,3,1,'2022-01-07 19:00:00'),(47,2,2,'2022-01-07 19:30:00'),(48,1,3,'2022-01-07 20:00:00'),(49,7,1,'2022-01-08 13:00:00'),(50,1,2,'2022-01-08 13:30:00'),(51,1,3,'2022-01-08 14:00:00'),(52,7,1,'2022-01-08 16:00:00'),(53,3,2,'2022-01-08 16:30:00'),(54,2,3,'2022-01-08 17:00:00'),(55,2,1,'2022-01-08 19:00:00'),(56,5,2,'2022-01-08 19:30:00'),(57,7,3,'2022-01-08 20:00:00'),(58,1,1,'2022-01-09 16:00:00'),(59,7,2,'2022-01-09 16:30:00'),(60,8,3,'2022-01-09 17:00:00'),(61,3,1,'2022-01-09 19:00:00'),(62,8,2,'2022-01-09 19:30:00'),(63,9,3,'2022-01-09 20:00:00'),(64,1,1,'2022-01-10 16:00:00'),(65,6,2,'2022-01-10 16:30:00'),(66,6,3,'2022-01-10 17:00:00'),(67,3,1,'2022-01-10 19:00:00'),(68,9,2,'2022-01-10 19:30:00'),(69,6,3,'2022-01-10 20:00:00'),(70,8,1,'2022-01-11 16:00:00'),(71,4,2,'2022-01-11 16:30:00'),(72,5,3,'2022-01-11 17:00:00'),(73,9,1,'2022-01-11 19:00:00'),(74,3,2,'2022-01-11 19:30:00'),(75,4,3,'2022-01-11 20:00:00'),(76,4,1,'2022-01-12 16:00:00'),(77,7,2,'2022-01-12 16:30:00'),(78,6,3,'2022-01-12 17:00:00'),(79,3,1,'2022-01-12 19:00:00'),(80,7,2,'2022-01-12 19:30:00'),(81,7,3,'2022-01-12 20:00:00'),(82,5,1,'2022-01-13 16:00:00'),(83,2,2,'2022-01-13 16:30:00'),(84,8,3,'2022-01-13 17:00:00'),(85,9,1,'2022-01-13 19:00:00'),(86,2,2,'2022-01-13 19:30:00'),(87,9,3,'2022-01-13 20:00:00'),(88,1,1,'2022-01-14 13:00:00'),(89,4,2,'2022-01-14 13:30:00'),(90,6,3,'2022-01-14 14:00:00'),(91,2,1,'2022-01-14 16:00:00'),(92,1,2,'2022-01-14 16:30:00'),(93,5,3,'2022-01-14 17:00:00'),(94,3,1,'2022-01-14 19:00:00'),(95,7,2,'2022-01-14 19:30:00'),(96,7,3,'2022-01-14 20:00:00'),(97,2,1,'2022-01-15 13:00:00'),(98,10,2,'2022-01-15 13:30:00'),(99,11,3,'2022-01-15 14:00:00'),(100,2,1,'2022-01-15 16:00:00'),(101,10,2,'2022-01-15 16:30:00'),(102,11,3,'2022-01-15 17:00:00'),(103,3,1,'2022-01-15 19:00:00'),(104,10,2,'2022-01-15 19:30:00'),(105,11,3,'2022-01-15 20:00:00'),(106,1,1,'2022-01-16 16:00:00'),(107,4,2,'2022-01-16 16:30:00'),(108,4,3,'2022-01-16 17:00:00'),(109,4,1,'2022-01-16 19:00:00'),(110,4,2,'2022-01-16 19:30:00'),(111,2,3,'2022-01-16 20:00:00'),(112,7,1,'2022-01-17 16:00:00'),(113,5,2,'2022-01-17 16:30:00'),(114,1,3,'2022-01-17 17:00:00'),(115,8,1,'2022-01-17 19:00:00'),(116,7,2,'2022-01-17 19:30:00'),(117,7,3,'2022-01-17 20:00:00'),(118,9,1,'2022-01-18 16:00:00'),(119,8,2,'2022-01-18 16:30:00'),(120,6,3,'2022-01-18 17:00:00'),(121,6,1,'2022-01-18 19:00:00'),(122,3,2,'2022-01-18 19:30:00'),(123,5,3,'2022-01-18 20:00:00'),(124,5,1,'2022-01-19 16:00:00'),(125,2,2,'2022-01-19 16:30:00'),(126,9,3,'2022-01-19 17:00:00'),(127,3,1,'2022-01-19 19:00:00'),(128,4,2,'2022-01-19 19:30:00'),(129,9,3,'2022-01-19 20:00:00'),(130,1,1,'2022-01-20 16:00:00'),(131,1,2,'2022-01-20 16:30:00'),(132,8,3,'2022-01-20 17:00:00'),(133,2,1,'2022-01-20 19:00:00'),(134,6,2,'2022-01-20 19:30:00'),(135,4,3,'2022-01-20 20:00:00'),(136,1,1,'2022-01-21 13:00:00'),(137,9,2,'2022-01-21 13:30:00'),(138,7,3,'2022-01-21 14:00:00'),(139,2,1,'2022-01-21 16:00:00'),(140,8,2,'2022-01-21 16:30:00'),(141,2,3,'2022-01-21 17:00:00'),(142,3,1,'2022-01-21 19:00:00'),(143,7,2,'2022-01-21 19:30:00'),(144,1,3,'2022-01-21 20:00:00'),(145,3,1,'2022-01-22 13:00:00'),(146,11,2,'2022-01-22 13:30:00'),(147,10,3,'2022-01-22 14:00:00'),(148,2,1,'2022-01-22 16:00:00'),(149,11,2,'2022-01-22 16:30:00'),(150,10,3,'2022-01-22 17:00:00'),(151,4,1,'2022-01-22 19:00:00'),(152,11,2,'2022-01-22 19:30:00'),(153,10,3,'2022-01-22 20:00:00'),(154,6,1,'2022-01-23 16:00:00'),(155,6,2,'2022-01-23 16:30:00'),(156,9,3,'2022-01-23 17:00:00'),(157,12,1,'2022-01-23 19:00:00'),(158,6,2,'2022-01-23 19:30:00'),(159,9,3,'2022-01-23 20:00:00'),(160,5,1,'2022-01-24 16:00:00'),(161,9,2,'2022-01-24 16:30:00'),(162,9,3,'2022-01-24 17:00:00'),(163,12,1,'2022-01-24 19:00:00'),(164,8,2,'2022-01-24 19:30:00'),(165,8,3,'2022-01-24 20:00:00'),(166,8,1,'2022-01-25 16:00:00'),(167,7,2,'2022-01-25 16:30:00'),(168,7,3,'2022-01-25 17:00:00'),(169,9,1,'2022-01-25 19:00:00'),(170,5,2,'2022-01-25 19:30:00'),(171,6,3,'2022-01-25 20:00:00'),(172,12,1,'2022-01-26 16:00:00'),(173,7,2,'2022-01-26 16:30:00'),(174,5,3,'2022-01-26 17:00:00'),(175,12,1,'2022-01-26 19:00:00'),(176,9,2,'2022-01-26 19:30:00'),(177,12,3,'2022-01-26 20:00:00'),(178,5,1,'2022-01-27 16:00:00'),(179,12,2,'2022-01-27 16:30:00'),(180,12,3,'2022-01-27 17:00:00'),(181,7,1,'2022-01-27 19:00:00'),(182,12,2,'2022-01-27 19:30:00'),(183,7,3,'2022-01-27 20:00:00'),(184,6,1,'2022-01-28 13:00:00'),(185,12,2,'2022-01-28 13:30:00'),(186,5,3,'2022-01-28 14:00:00'),(187,5,1,'2022-01-28 16:00:00'),(188,6,2,'2022-01-28 16:30:00'),(189,5,3,'2022-01-28 17:00:00'),(190,5,1,'2022-01-28 19:00:00'),(191,7,2,'2022-01-28 19:30:00'),(192,8,3,'2022-01-28 20:00:00'),(193,12,1,'2022-01-29 13:00:00'),(194,8,2,'2022-01-29 13:30:00'),(195,9,3,'2022-01-29 14:00:00'),(196,12,1,'2022-01-29 16:00:00'),(197,9,2,'2022-01-29 16:30:00'),(198,6,3,'2022-01-29 17:00:00'),(199,5,1,'2022-01-29 19:00:00'),(200,5,2,'2022-01-29 19:30:00'),(201,12,3,'2022-01-29 20:00:00'),(202,5,1,'2022-01-30 16:00:00'),(203,7,2,'2022-01-30 16:30:00'),(204,12,3,'2022-01-30 17:00:00'),(205,5,1,'2022-01-30 19:00:00'),(206,12,2,'2022-01-30 19:30:00'),(207,7,3,'2022-01-30 20:00:00'),(208,5,1,'2022-01-31 13:00:00'),(209,12,2,'2022-01-31 13:30:00'),(210,8,3,'2022-01-31 14:00:00'),(211,5,1,'2022-01-31 16:00:00'),(212,5,2,'2022-01-31 16:30:00'),(213,9,3,'2022-01-31 17:00:00');
/*!40000 ALTER TABLE `screenings` ENABLE KEYS */;
UNLOCK TABLES;

--
-- Table structure for table `seats`
--

DROP TABLE IF EXISTS `seats`;
/*!40101 SET @saved_cs_client     = @@character_set_client */;
/*!50503 SET character_set_client = utf8mb4 */;
CREATE TABLE `seats` (
  `id` int NOT NULL AUTO_INCREMENT,
  `row_seat` char(1) NOT NULL,
  `number` int NOT NULL,
  `room_id` int NOT NULL,
  PRIMARY KEY (`id`),
  KEY `room_id` (`room_id`),
  CONSTRAINT `seats_ibfk_1` FOREIGN KEY (`room_id`) REFERENCES `rooms` (`id`)
) ENGINE=InnoDB AUTO_INCREMENT=145 DEFAULT CHARSET=utf8mb4 COLLATE=utf8mb4_0900_ai_ci;
/*!40101 SET character_set_client = @saved_cs_client */;

--
-- Dumping data for table `seats`
--

LOCK TABLES `seats` WRITE;
/*!40000 ALTER TABLE `seats` DISABLE KEYS */;
INSERT INTO `seats` VALUES (1,'A',1,1),(2,'A',2,1),(3,'A',3,1),(4,'A',4,1),(5,'A',5,1),(6,'A',6,1),(7,'A',7,1),(8,'A',8,1),(9,'B',1,1),(10,'B',2,1),(11,'B',3,1),(12,'B',4,1),(13,'B',5,1),(14,'B',6,1),(15,'B',7,1),(16,'B',8,1),(17,'C',1,1),(18,'C',2,1),(19,'C',3,1),(20,'C',4,1),(21,'C',5,1),(22,'C',6,1),(23,'C',7,1),(24,'C',8,1),(25,'D',1,1),(26,'D',2,1),(27,'D',3,1),(28,'D',4,1),(29,'D',5,1),(30,'D',6,1),(31,'D',7,1),(32,'D',8,1),(33,'E',1,1),(34,'E',2,1),(35,'E',3,1),(36,'E',4,1),(37,'E',5,1),(38,'E',6,1),(39,'E',7,1),(40,'E',8,1),(41,'F',1,1),(42,'F',2,1),(43,'F',3,1),(44,'F',4,1),(45,'F',5,1),(46,'F',6,1),(47,'F',7,1),(48,'F',8,1),(49,'G',1,1),(50,'G',2,1),(51,'G',3,1),(52,'G',4,1),(53,'G',5,1),(54,'G',6,1),(55,'G',7,1),(56,'G',8,1),(57,'H',1,1),(58,'H',2,1),(59,'H',3,1),(60,'H',4,1),(61,'H',5,1),(62,'H',6,1),(63,'H',7,1),(64,'H',8,1),(65,'I',1,1),(66,'I',2,1),(67,'I',3,1),(68,'I',4,1),(69,'I',5,1),(70,'I',6,1),(71,'I',7,1),(72,'I',8,1),(73,'A',1,2),(74,'A',2,2),(75,'A',3,2),(76,'A',4,2),(77,'A',5,2),(78,'A',6,2),(79,'B',1,2),(80,'B',2,2),(81,'B',3,2),(82,'B',4,2),(83,'B',5,2),(84,'B',6,2),(85,'C',1,2),(86,'C',2,2),(87,'C',3,2),(88,'C',4,2),(89,'C',5,2),(90,'C',6,2),(91,'D',1,2),(92,'D',2,2),(93,'D',3,2),(94,'D',4,2),(95,'D',5,2),(96,'D',6,2),(97,'E',1,2),(98,'E',2,2),(99,'E',3,2),(100,'E',4,2),(101,'E',5,2),(102,'E',6,2),(103,'F',1,2),(104,'F',2,2),(105,'F',3,2),(106,'F',4,2),(107,'F',5,2),(108,'F',6,2),(109,'A',1,3),(110,'A',2,3),(111,'A',3,3),(112,'A',4,3),(113,'A',5,3),(114,'A',6,3),(115,'B',1,3),(116,'B',2,3),(117,'B',3,3),(118,'B',4,3),(119,'B',5,3),(120,'B',6,3),(121,'C',1,3),(122,'C',2,3),(123,'C',3,3),(124,'C',4,3),(125,'C',5,3),(126,'C',6,3),(127,'D',1,3),(128,'D',2,3),(129,'D',3,3),(130,'D',4,3),(131,'D',5,3),(132,'D',6,3),(133,'E',1,3),(134,'E',2,3),(135,'E',3,3),(136,'E',4,3),(137,'E',5,3),(138,'E',6,3),(139,'F',1,3),(140,'F',2,3),(141,'F',3,3),(142,'F',4,3),(143,'F',5,3),(144,'F',6,3);
/*!40000 ALTER TABLE `seats` ENABLE KEYS */;
UNLOCK TABLES;
/*!40103 SET TIME_ZONE=@OLD_TIME_ZONE */;

/*!40101 SET SQL_MODE=@OLD_SQL_MODE */;
/*!40014 SET FOREIGN_KEY_CHECKS=@OLD_FOREIGN_KEY_CHECKS */;
/*!40014 SET UNIQUE_CHECKS=@OLD_UNIQUE_CHECKS */;
/*!40101 SET CHARACTER_SET_CLIENT=@OLD_CHARACTER_SET_CLIENT */;
/*!40101 SET CHARACTER_SET_RESULTS=@OLD_CHARACTER_SET_RESULTS */;
/*!40101 SET COLLATION_CONNECTION=@OLD_COLLATION_CONNECTION */;
/*!40111 SET SQL_NOTES=@OLD_SQL_NOTES */;

-- Dump completed on 2022-01-31 23:42:38
